key,es,en
title1,Baloncesto,Basketball
Type_stats,Valores totales acumulados o en promedio,Total accumulated stats or average stats
Type_stats_game,Diferentes facetas del juego,Type of game statistics
Compet,Liga,Competition
TypeSeas,Fase,Round
Liga regular,Liga regular,Regular season
Playoffs,Playoffs,Playoffs
tab1,Resumen trayectoria jugador,Player career summary
Rivales,Equipos rivales,Rival teams
tab1_1_comment,Datos del jugador.,Player’s details.
tab1_2_comment,Estadisticas contra el equipo rival seleccionado.,Stats against the selected rival team.
tab1_3_comment,Partidos contra el equipo rival seleccionado.,Games against the selected rival team.
tab_comment,Este jugador no ha jugado contra el rival seleccionado en esta fase de la competición.,This player has not played against the rival selected in this round.
progress,Carga de datos en progreso,Loading data in progress
info,Información,Information
